SL#,Domain,Email Address,Email Server,Phone No,Web Category,Majestic Rank,Facebook,Twitter,Youtube,Linkedin,Pinterest
1,"bgpower.de","-","-","PH: +4915774310459","",0,"https://www.facebook.com/bgpower.munchen/","","","",""
2,"web2.cylex.de","-","-","PH: -","",0,"","","","",""
3,"instagram.com","-","-","PH: -","",5,"","","","",""
4,"elektro-eibl.de","info@elektro-eibl.de","Hotmail","PH: ","",0,"","","","",""
5,"elektro-eibl.de","info@ndiscovered.com","Business Mail","PH: ","",0,"","","","",""
6,"manpower.de","-","-","PH: -","",386977,"https://www.facebook.com/manpowerdeutschland","https://twitter.com/manpowergroupde","","https://www.linkedin.com/company/manpowergroup-deutschland/",""
7,"elektrotechnik-bayern-hertz.de","info@elektrotechnik-bayern-hertz.de","Business Mail","PH: ","",0,"https://www.facebook.com/bayern-hertz-elektrotechnik-gmbh","","","",""
8,"nelhiebel.de","info@nelhiebel.de","Unknown","PH: ","",0,"https://www.facebook.com/nelhiebel/","","https://www.youtube.com/channel/ucrwgca5ms5rowvf8k_qdkeq","https://www.linkedin.com/company/nelhiebel-elektrotechnik-gmbh/",""
9,"mbd-technik.de","info@mbd-technik.de","Hotmail","PH: +498938537789","Software Development",0,"https://www.facebook.com/mbd.technik","","","",""
10,"bossmann-muenchen.de","info@bossmann-muenchen.de","Unknown","PH: 080072447374","",0,"","","","",""
11,"check24.de","-","-","PH: -","",21142,"","","","",""
12,"elektroanlagen-abeltshauser.de","thomas.abeltshauser@gmx.net","GMX","PH: ","",0,"","","","",""
13,"elektroanlagen-abeltshauser.de","abeltshauser@gmx.net","GMX","PH: ","",0,"","","","",""
14,"sonepar.de","-","-","PH: -","",441592,"","","","",""
15,"schaller-elektrotechnik.com","-","-","PH: -","",0,"","","","",""
16,"belektro-meisterbetrieb.de","info@belektro-meisterbetrieb.de","Unknown","PH: +4915233639335","",0,"","","","",""
17,"oferteo.de","-","-","PH: -","",0,"https://www.facebook.com/oferteo.de/","https://twitter.com/oferteo_de","","",""
18,"expert.de","-","-","PH: -","",104927,"","","","",""
19,"jobworld.de","-","-","PH: -","Schools & Education",400905,"","","","",""
20,"elektro-technik-koehler.de","-","-","PH: -","",0,"","","","",""
21,"obeta.de","-","-","PH: -","",0,"","","","",""
22,"bosch.de","-","-","PH: +4971140040990","",26020,"https://www.facebook.com/boschglobal","https://www.twitter.com/boschglobal","","https://www.linkedin.com/company/bosch/",""
23,"elektro-tm.de","-","-","PH: -","Software Development",0,"","","","",""
24,"goyellow.de","-","-","PH: -","",106007,"https://www.facebook.com/goyellow","","","",""
25,"emikotech.de","info@emikotech.de","Unknown","PH: +498974045270","",0,"","","","",""
26,"kimeta.de","mail@kimeta.de","Business Mail","PH: ","Schools & Education",229325,"","","","",""
27,"nchen.de","-","-","PH: -","Software Development",0,"","","","",""
28,"atk-elektro.de","info@atk-elektro.de","Business Mail","PH: 0049896411810","",0,"","","","",""
29,"11880.com","-","-","PH: -","",67740,"http://www.facebook.com/11880com","","","",""
30,"elektronotdienstmuenchen.de","info@handwerkervermittlung24.com","Unknown","PH: 08912089220","",0,"","","","",""
31,"elektronotdienstmuenchen.de","service@gmbh-seibel.de","Unknown","PH: 08912089220","",0,"","","","",""
32,"dasoertliche.de","-","-","PH: -","",46472,"https://www.facebook.com/pages/dasortliche/132038165608/","https://twitter.com/dasoertliche/","","",""
33,"messe-muenchen.de","-","-","PH: -","",30742,"https://www.facebook.com/messemuenchen/","https://twitter.com/messemuenchen","https://www.youtube.com/user/messemuenchen/featured","https://linkedin.com/company/messemuenchen",""
34,"seag-gmbh.de","info@seag-gmbh.de","Hotmail","PH: +49(0)897690060","",0,"","","","",""
35,"seag-gmbh.de","ausbildung@seag-gmbh.de","Hotmail","PH: +49(0)897690060","",0,"","","","",""
36,"seag-gmbh.de","bewerbung@seag-gmbh.de","Hotmail","PH: +49(0)897690060","",0,"","","","",""
37,"elektro-notka.de","info@elektro-notka.de","Hotmail","PH: 081249107590","Software Development",0,"","","","",""
38,"meisterschulen-mchn.de","sekretariat@ms-muc.de","Hotmail","PH: ","",0,"https://www.facebook.com/meisterschulen","","https://www.youtube.com/user/meisterschulen","",""
39,"aufinger-elektrotechnik.de","info@aufinger-dienstleistungen.de","Unknown","PH: 01704892556","",0,"","","","",""
40,"facebook.com","-","-","PH: -","Social Media",2,"https://pay.facebook.com/","","","",""
41,"schilchers.de","info@schilchers.de","Unknown","PH: +498974493360","",0,"https://www.facebook.com/schilchersgmbh/","","","",""
42,"schilchers.de","wexajepo@schilchers.de","Unknown","PH: +498974493360","",0,"https://www.facebook.com/schilchersgmbh/","","","",""
43,"elektro-ammon.de","christian.ammon@elektro-ammon.de","Unknown","PH: ","",0,"","","","",""
44,"elektriker-und-elektroniker.de","hamburg@dehn-instatec.de","Hotmail","PH: ","",0,"","","","",""
45,"elektriker-und-elektroniker.de","hermsdorf@dehn-instatec.de","Hotmail","PH: ","",0,"","","","",""
46,"elektriker-und-elektroniker.de","nuernberg@dehn-instatec.de","Hotmail","PH: ","",0,"","","","",""
47,"elektriker.org","kundenservice@digitaleseiten.de","Unknown","PH: ","",0,"","","","",""
48,"paulelektro.de","info@paulelektro.de","Unknown","PH: ","",0,"","","","",""
49,"elektrotechnik-koenigsheim.de","info@elektrotechnik-koenigsheim.de","Unknown","PH: 01728514641","",0,"","","","",""
50,"nerbl.com","info@nerbl.com","Unknown","PH: 00498980072052, 00491749467674, 004915234558411","Software Development",0,"","","","",""
51,"elektro-appel.com","info@elektro-appel.com","Unknown","PH: 081777539966","",0,"","","","",""
52,"strasser-umzug.de","kontakt@strasser-umzug.de","Unknown","PH: 01709498100, 08992861398","",0,"","","","",""
53,"elitronics.de","info@elitronics.de","Hotmail","PH: +4989693118630","Arts",0,"","","","",""
54,"elektro-wandelt.de","kundenservice@elektro-wandelt.de","Unknown","PH: ","",816750,"","","","",""
55,"elektro-wandelt.de","technik@elektro-wandelt.de","Unknown","PH: ","",816750,"","","","",""
56,"superhause.de","info@superhause.de","Unknown","PH: +49-711-3420-6905","",0,"https://www.facebook.com/superhause-101765705159621/","","","",""
57,"superhause.de","partner@superhause.de","Unknown","PH: +49-711-3420-6905","",0,"https://www.facebook.com/superhause-101765705159621/","","","",""
58,"superhause.de","info@new.superhause.de","Unknown","PH: +49-711-3420-6905","",0,"https://www.facebook.com/superhause-101765705159621/","","","",""
59,"superhause.de","info@new.sup","Unknown","PH: +49-711-3420-6905","",0,"https://www.facebook.com/superhause-101765705159621/","","","",""
60,"threebestrated.de","support@threebestrated.de","Business Mail","PH: +1(833)-488-6888","Restaurants",0,"https://www.facebook.com/german.threebestrated","https://twitter.com/threebestrated","","https://www.linkedin.com/company/threebestrated-com/",""
61,"threebestrated.de","reviews@threebestrated.de","Business Mail","PH: +1(833)-488-6888","Restaurants",0,"https://www.facebook.com/german.threebestrated","https://twitter.com/threebestrated","","https://www.linkedin.com/company/threebestrated-com/",""
62,"threebestrated.de","press@threebestrated.com","Business Mail","PH: +1(833)-488-6888","Restaurants",0,"https://www.facebook.com/german.threebestrated","https://twitter.com/threebestrated","","https://www.linkedin.com/company/threebestrated-com/",""
63,"threebestrated.de","ess@threebestrated.com","Business Mail","PH: +1(833)-488-6888","Restaurants",0,"https://www.facebook.com/german.threebestrated","https://twitter.com/threebestrated","","https://www.linkedin.com/company/threebestrated-com/",""
64,"muenchen.stadtbranchenbuch.com","-","-","PH: -","",0,"","","","",""
65,"starofservice.de","-","-","PH: -","",0,"","","","",""
